CAREER NAME,EMBEDDING_PATH
Compliance Officer,./utils/embeddings/CP_careers/data/Compliance Officer.pt
Loan Officer,./utils/embeddings/CP_careers/data/Loan Officer.pt
Bank Manager/Branch Manager,./utils/embeddings/CP_careers/data/Bank Manager/Branch Manager.pt
Relationship Manager,./utils/embeddings/CP_careers/data/Relationship Manager.pt
Risk manager,./utils/embeddings/CP_careers/data/Risk manager.pt
Venture capitalist,./utils/embeddings/CP_careers/data/Venture capitalist.pt
Bank Clerk,./utils/embeddings/CP_careers/data/Bank Clerk.pt
Bank Probationary Officer,./utils/embeddings/CP_careers/data/Bank Probationary Officer.pt
Tax Auditor,./utils/embeddings/CP_careers/data/Tax Auditor.pt
Stock Broker,./utils/embeddings/CP_careers/data/Stock Broker.pt
Investment Banker,./utils/embeddings/CP_careers/data/Investment Banker.pt
Insurance Agent,./utils/embeddings/CP_careers/data/Insurance Agent.pt
Financial Analyst,./utils/embeddings/CP_careers/data/Financial Analyst.pt
Equity Research Analyst,./utils/embeddings/CP_careers/data/Equity Research Analyst.pt
Investment/ Portfolio Manager,./utils/embeddings/CP_careers/data/Investment/ Portfolio Manager.pt
Chartered Accountant,./utils/embeddings/CP_careers/data/Chartered Accountant.pt
Actuary,./utils/embeddings/CP_careers/data/Actuary.pt
Company Secretary,./utils/embeddings/CP_careers/data/Company Secretary.pt
Cost & Works Accountant,./utils/embeddings/CP_careers/data/Cost & Works Accountant.pt
Financial Accountant,./utils/embeddings/CP_careers/data/Financial Accountant.pt
Agniveer,./utils/embeddings/CP_careers/data/Agniveer.pt
SSB – Sashastra Seema Bal officer,./utils/embeddings/CP_careers/data/SSB – Sashastra Seema Bal officer.pt
CISF officer,./utils/embeddings/CP_careers/data/CISF officer.pt
Indian Home Guard,./utils/embeddings/CP_careers/data/Indian Home Guard.pt
CRPF officer,./utils/embeddings/CP_careers/data/CRPF officer.pt
ITBP officer,./utils/embeddings/CP_careers/data/ITBP officer.pt
Indian Air Force officer,./utils/embeddings/CP_careers/data/Indian Air Force officer.pt
Border Security Force (BSF),./utils/embeddings/CP_careers/data/Border Security Force (BSF).pt
Indian Army Officer,./utils/embeddings/CP_careers/data/Indian Army Officer.pt
Indian Navy Officer,./utils/embeddings/CP_careers/data/Indian Navy Officer.pt
Coast Guard,./utils/embeddings/CP_careers/data/Coast Guard.pt
Product Designer,./utils/embeddings/CP_careers/data/Product Designer.pt
Footwear Designer,./utils/embeddings/CP_careers/data/Footwear Designer.pt
Fashion Designer,./utils/embeddings/CP_careers/data/Fashion Designer.pt
Multimedia Designer,./utils/embeddings/CP_careers/data/Multimedia Designer.pt
CAD Jewellery Designer,./utils/embeddings/CP_careers/data/CAD Jewellery Designer.pt
Visual Communication Designer,./utils/embeddings/CP_careers/data/Visual Communication Designer.pt
Interior Designer,./utils/embeddings/CP_careers/data/Interior Designer.pt
Film/Video Designer,./utils/embeddings/CP_careers/data/Film/Video Designer.pt
Electronic Designer/VLSI/Embedded System Designer,./utils/embeddings/CP_careers/data/Electronic Designer/VLSI/Embedded System Designer.pt
Game Designer and Developer,./utils/embeddings/CP_careers/data/Game Designer and Developer.pt
Textile Designer,./utils/embeddings/CP_careers/data/Textile Designer.pt
Production Designer,./utils/embeddings/CP_careers/data/Production Designer.pt
Web Designer,./utils/embeddings/CP_careers/data/Web Designer.pt
Graphics Designer,./utils/embeddings/CP_careers/data/Graphics Designer.pt
Design Engineer,./utils/embeddings/CP_careers/data/Design Engineer.pt
Ceramics/Glass Designer,./utils/embeddings/CP_careers/data/Ceramics/Glass Designer.pt
Industrial Designer,./utils/embeddings/CP_careers/data/Industrial Designer.pt
Curriculum Developer,./utils/embeddings/CP_careers/data/Curriculum Developer.pt
Assistant Teacher,./utils/embeddings/CP_careers/data/Assistant Teacher.pt
Lecturer (College & University),./utils/embeddings/CP_careers/data/Lecturer (College & University).pt
Physical Educator,./utils/embeddings/CP_careers/data/Physical Educator.pt
School Counsellor,./utils/embeddings/CP_careers/data/School Counsellor.pt
Pre-School Educator,./utils/embeddings/CP_careers/data/Pre-School Educator.pt
Assistant Professor,./utils/embeddings/CP_careers/data/Assistant Professor.pt
Academic Researcher,./utils/embeddings/CP_careers/data/Academic Researcher.pt
Special Educator,./utils/embeddings/CP_careers/data/Special Educator.pt
School Teacher,./utils/embeddings/CP_careers/data/School Teacher.pt
Biotechnology Engineer,./utils/embeddings/CP_careers/data/Biotechnology Engineer.pt
Sugar Technologist,./utils/embeddings/CP_careers/data/Sugar Technologist.pt
Rubber Technologist,./utils/embeddings/CP_careers/data/Rubber Technologist.pt
Urban Planner,./utils/embeddings/CP_careers/data/Urban Planner.pt
Air Traffic Controller,./utils/embeddings/CP_careers/data/Air Traffic Controller.pt
Corrosion Engineer,./utils/embeddings/CP_careers/data/Corrosion Engineer.pt
Pilot,./utils/embeddings/CP_careers/data/Pilot.pt
Broadcast Technology,./utils/embeddings/CP_careers/data/Broadcast Technology.pt
Forensic Engineer,./utils/embeddings/CP_careers/data/Forensic Engineer.pt
Nuclear Engineer,./utils/embeddings/CP_careers/data/Nuclear Engineer.pt
Architect,./utils/embeddings/CP_careers/data/Architect.pt
Virtual Reality Engineer,./utils/embeddings/CP_careers/data/Virtual Reality Engineer.pt
Pharmaceutical Engineering,./utils/embeddings/CP_careers/data/Pharmaceutical Engineering.pt
Automobile Engineer,./utils/embeddings/CP_careers/data/Automobile Engineer.pt
Ceramic technologist/engineer,./utils/embeddings/CP_careers/data/Ceramic technologist/engineer.pt
Military Engineering Services,./utils/embeddings/CP_careers/data/Military Engineering Services.pt
Printing Engineer/Technologist,./utils/embeddings/CP_careers/data/Printing Engineer/Technologist.pt
Computer Science Engineering,./utils/embeddings/CP_careers/data/Computer Science Engineering.pt
Geo-Informatics Engineer,./utils/embeddings/CP_careers/data/Geo-Informatics Engineer.pt
Marine Engineering,./utils/embeddings/CP_careers/data/Marine Engineering.pt
Textile Engineer,./utils/embeddings/CP_careers/data/Textile Engineer.pt
Bioinformatics Engineering,./utils/embeddings/CP_careers/data/Bioinformatics Engineering.pt
Civil Engineering/Structural Engineering,./utils/embeddings/CP_careers/data/Civil Engineering/Structural Engineering.pt
Fire Technology/Safety Engineer,./utils/embeddings/CP_careers/data/Fire Technology/Safety Engineer.pt
Oil Technologist,./utils/embeddings/CP_careers/data/Oil Technologist.pt
Water Resource Engineer,./utils/embeddings/CP_careers/data/Water Resource Engineer.pt
Food Engineer,./utils/embeddings/CP_careers/data/Food Engineer.pt
Mechanical Engineer,./utils/embeddings/CP_careers/data/Mechanical Engineer.pt
Sales Engineer,./utils/embeddings/CP_careers/data/Sales Engineer.pt
Smart Manufacturing and Automation Engineering,./utils/embeddings/CP_careers/data/Smart Manufacturing and Automation Engineering.pt
Robotics Engineer,./utils/embeddings/CP_careers/data/Robotics Engineer.pt
Sound Engineer,./utils/embeddings/CP_careers/data/Sound Engineer.pt
Tool Engineer,./utils/embeddings/CP_careers/data/Tool Engineer.pt
Optical Engineer,./utils/embeddings/CP_careers/data/Optical Engineer.pt
Nanotechnology / Nanoscience,./utils/embeddings/CP_careers/data/Nanotechnology / Nanoscience.pt
Petroleum Engineer,./utils/embeddings/CP_careers/data/Petroleum Engineer.pt
Mining Engineer,./utils/embeddings/CP_careers/data/Mining Engineer.pt
Process Engineer,./utils/embeddings/CP_careers/data/Process Engineer.pt
Meteorologist,./utils/embeddings/CP_careers/data/Meteorologist.pt
Metallurgical Engineer,./utils/embeddings/CP_careers/data/Metallurgical Engineer.pt
Manufacturing Engineer,./utils/embeddings/CP_careers/data/Manufacturing Engineer.pt
Railway Engineer,./utils/embeddings/CP_careers/data/Railway Engineer.pt
Leather Technologist,./utils/embeddings/CP_careers/data/Leather Technologist.pt
Instrumentation Engineer,./utils/embeddings/CP_careers/data/Instrumentation Engineer.pt
Information Technology Engineer,./utils/embeddings/CP_careers/data/Information Technology Engineer.pt
Electronics and Communication Engineer,./utils/embeddings/CP_careers/data/Electronics and Communication Engineer.pt
Environmental Engineer,./utils/embeddings/CP_careers/data/Environmental Engineer.pt
Engineering Physicist,./utils/embeddings/CP_careers/data/Engineering Physicist.pt
Financial Engineer,./utils/embeddings/CP_careers/data/Financial Engineer.pt
Industrial Engineer,./utils/embeddings/CP_careers/data/Industrial Engineer.pt
Aeronautical Engineer,./utils/embeddings/CP_careers/data/Aeronautical Engineer.pt
Electrical and Electronics Engineer,./utils/embeddings/CP_careers/data/Electrical and Electronics Engineer.pt
Dairy Technologist,./utils/embeddings/CP_careers/data/Dairy Technologist.pt
Cyber Security Specialist,./utils/embeddings/CP_careers/data/Cyber Security Specialist.pt
Chemical Engineer,./utils/embeddings/CP_careers/data/Chemical Engineer.pt
Biomedical Engineer,./utils/embeddings/CP_careers/data/Biomedical Engineer.pt
Big Data Analyst,./utils/embeddings/CP_careers/data/Big Data Analyst.pt
Augmented Reality Engineer,./utils/embeddings/CP_careers/data/Augmented Reality Engineer.pt
Artificial Intelligence Engineer,./utils/embeddings/CP_careers/data/Artificial Intelligence Engineer.pt
Agricultural Engineer,./utils/embeddings/CP_careers/data/Agricultural Engineer.pt
Genetic Engineer/Geneticist,./utils/embeddings/CP_careers/data/Genetic Engineer/Geneticist.pt
Art Dealer,./utils/embeddings/CP_careers/data/Art Dealer.pt
Disc Jockey,./utils/embeddings/CP_careers/data/Disc Jockey.pt
Choreographer,./utils/embeddings/CP_careers/data/Choreographer.pt
Sculptor,./utils/embeddings/CP_careers/data/Sculptor.pt
Musician,./utils/embeddings/CP_careers/data/Musician.pt
Dancer,./utils/embeddings/CP_careers/data/Dancer.pt
Photographer,./utils/embeddings/CP_careers/data/Photographer.pt
Actor,./utils/embeddings/CP_careers/data/Actor.pt
Artist,./utils/embeddings/CP_careers/data/Artist.pt
Theatre Artist,./utils/embeddings/CP_careers/data/Theatre Artist.pt
Singer,./utils/embeddings/CP_careers/data/Singer.pt
Fisheries Development Officer,./utils/embeddings/CP_careers/data/Fisheries Development Officer.pt
Pisciculturist,./utils/embeddings/CP_careers/data/Pisciculturist.pt
Fisheries Extension Officer,./utils/embeddings/CP_careers/data/Fisheries Extension Officer.pt
Fisheries Officer,./utils/embeddings/CP_careers/data/Fisheries Officer.pt
Fishery Technician/Aquaculture Technician,./utils/embeddings/CP_careers/data/Fishery Technician/Aquaculture Technician.pt
Toy Designer,./utils/embeddings/CP_careers/data/Toy Designer.pt
Tea Plantation Manager,./utils/embeddings/CP_careers/data/Tea Plantation Manager.pt
Auctioneer,./utils/embeddings/CP_careers/data/Auctioneer.pt
Merchant Navy,./utils/embeddings/CP_careers/data/Merchant Navy.pt
Aromatherapist,./utils/embeddings/CP_careers/data/Aromatherapist.pt
Calligrapher,./utils/embeddings/CP_careers/data/Calligrapher.pt
Lapidarist,./utils/embeddings/CP_careers/data/Lapidarist.pt
KPO executive,./utils/embeddings/CP_careers/data/KPO executive.pt
BPO executive,./utils/embeddings/CP_careers/data/BPO executive.pt
Real Estate Agent,./utils/embeddings/CP_careers/data/Real Estate Agent.pt
Detective,./utils/embeddings/CP_careers/data/Detective.pt
Tea Taster,./utils/embeddings/CP_careers/data/Tea Taster.pt
Property Manager,./utils/embeddings/CP_careers/data/Property Manager.pt
Real Estate Consultant,./utils/embeddings/CP_careers/data/Real Estate Consultant.pt
Contract Administrator,./utils/embeddings/CP_careers/data/Contract Administrator.pt
Business Development Coordinator,./utils/embeddings/CP_careers/data/Business Development Coordinator.pt
Visual Merchandiser,./utils/embeddings/CP_careers/data/Visual Merchandiser.pt
Customer Care Executive,./utils/embeddings/CP_careers/data/Customer Care Executive.pt
Commercial Driver,./utils/embeddings/CP_careers/data/Commercial Driver.pt
Receptionist,./utils/embeddings/CP_careers/data/Receptionist.pt
Salesman/Sales Representative,./utils/embeddings/CP_careers/data/Salesman/Sales Representative.pt
Secretary/Personal Assistant,./utils/embeddings/CP_careers/data/Secretary/Personal Assistant.pt
Office Administrator,./utils/embeddings/CP_careers/data/Office Administrator.pt
Model,./utils/embeddings/CP_careers/data/Model.pt
Indian Railway Service of Engineers,./utils/embeddings/CP_careers/data/Indian Railway Service of Engineers.pt
Indian Railway Service of Signal Engineers,./utils/embeddings/CP_careers/data/Indian Railway Service of Signal Engineers.pt
Indian Railway Service of Mechanical Engineers,./utils/embeddings/CP_careers/data/Indian Railway Service of Mechanical Engineers.pt
Indian Railway Service of Electrical Engineers,./utils/embeddings/CP_careers/data/Indian Railway Service of Electrical Engineers.pt
Indian Railway Personnel Service,./utils/embeddings/CP_careers/data/Indian Railway Personnel Service.pt
Indian Railway Accounts Service,./utils/embeddings/CP_careers/data/Indian Railway Accounts Service.pt
FSSAI officer,./utils/embeddings/CP_careers/data/FSSAI officer.pt
Inspector of Income Tax,./utils/embeddings/CP_careers/data/Inspector of Income Tax.pt
Multi-Tasking Staff,./utils/embeddings/CP_careers/data/Multi-Tasking Staff.pt
Loco Pilot,./utils/embeddings/CP_careers/data/Loco Pilot.pt
Gramin Dak Sevaks,./utils/embeddings/CP_careers/data/Gramin Dak Sevaks.pt
Indian Revenue Service,./utils/embeddings/CP_careers/data/Indian Revenue Service.pt
Indian Foreign Service,./utils/embeddings/CP_careers/data/Indian Foreign Service.pt
Indian Police Service,./utils/embeddings/CP_careers/data/Indian Police Service.pt
Indian Administrative Service,./utils/embeddings/CP_careers/data/Indian Administrative Service.pt
Indian Forest Service,./utils/embeddings/CP_careers/data/Indian Forest Service.pt
Customs Officer,./utils/embeddings/CP_careers/data/Customs Officer.pt
Sub-inspector of Police,./utils/embeddings/CP_careers/data/Sub-inspector of Police.pt
Police Constable,./utils/embeddings/CP_careers/data/Police Constable.pt
Indian Railways Traffic Service (IRTS),./utils/embeddings/CP_careers/data/Indian Railways Traffic Service (IRTS).pt
Railway Protection Force (RPF),./utils/embeddings/CP_careers/data/Railway Protection Force (RPF).pt
Indian Railway Stores Service (IRSS),./utils/embeddings/CP_careers/data/Indian Railway Stores Service (IRSS).pt
Orthopaedist,./utils/embeddings/CP_careers/data/Orthopaedist.pt
Naturopathic Doctor,./utils/embeddings/CP_careers/data/Naturopathic Doctor.pt
Ophthalmologist,./utils/embeddings/CP_careers/data/Ophthalmologist.pt
Gynaecologist,./utils/embeddings/CP_careers/data/Gynaecologist.pt
Cardiologist,./utils/embeddings/CP_careers/data/Cardiologist.pt
Urologist,./utils/embeddings/CP_careers/data/Urologist.pt
Unani Doctor,./utils/embeddings/CP_careers/data/Unani Doctor.pt
ENT Doctor,./utils/embeddings/CP_careers/data/ENT Doctor.pt
Endocrinologist,./utils/embeddings/CP_careers/data/Endocrinologist.pt
Cosmetic Dermatologist,./utils/embeddings/CP_careers/data/Cosmetic Dermatologist.pt
Ayurvedic Doctor,./utils/embeddings/CP_careers/data/Ayurvedic Doctor.pt
General Physician,./utils/embeddings/CP_careers/data/General Physician.pt
Nutritionist,./utils/embeddings/CP_careers/data/Nutritionist.pt
Radiologist,./utils/embeddings/CP_careers/data/Radiologist.pt
Perfusion Technologist,./utils/embeddings/CP_careers/data/Perfusion Technologist.pt
Psychiatrist,./utils/embeddings/CP_careers/data/Psychiatrist.pt
Veterinarian,./utils/embeddings/CP_careers/data/Veterinarian.pt
Periodontist,./utils/embeddings/CP_careers/data/Periodontist.pt
Anaesthesiologist,./utils/embeddings/CP_careers/data/Anaesthesiologist.pt
Pharmacist,./utils/embeddings/CP_careers/data/Pharmacist.pt
Oncologist,./utils/embeddings/CP_careers/data/Oncologist.pt
Public Health Officer,./utils/embeddings/CP_careers/data/Public Health Officer.pt
Acupuncturist,./utils/embeddings/CP_careers/data/Acupuncturist.pt
Chiropractor,./utils/embeddings/CP_careers/data/Chiropractor.pt
Massage Therapist,./utils/embeddings/CP_careers/data/Massage Therapist.pt
Homeopathy Doctor,./utils/embeddings/CP_careers/data/Homeopathy Doctor.pt
Medical Representative,./utils/embeddings/CP_careers/data/Medical Representative.pt
Palliative and Hospital Care Specialist,./utils/embeddings/CP_careers/data/Palliative and Hospital Care Specialist.pt
Rehabilitation Specialist,./utils/embeddings/CP_careers/data/Rehabilitation Specialist.pt
Medical Transcriptionist,./utils/embeddings/CP_careers/data/Medical Transcriptionist.pt
Dance Therapist,./utils/embeddings/CP_careers/data/Dance Therapist.pt
Optometrist,./utils/embeddings/CP_careers/data/Optometrist.pt
Dentist,./utils/embeddings/CP_careers/data/Dentist.pt
Speech-Language Pathologist (SLP) and Audiologist,./utils/embeddings/CP_careers/data/Speech-Language Pathologist (SLP) and Audiologist.pt
Medical Technician,./utils/embeddings/CP_careers/data/Medical Technician.pt
Occupational Therapist,./utils/embeddings/CP_careers/data/Occupational Therapist.pt
Psychological Counsellor /Counselling Psychologist,./utils/embeddings/CP_careers/data/Psychological Counsellor /Counselling Psychologist.pt
Orthotist/Prosthetist,./utils/embeddings/CP_careers/data/Orthotist/Prosthetist.pt
GNM (General Nurse and Midwife),./utils/embeddings/CP_careers/data/GNM (General Nurse and Midwife).pt
Medical Writer,./utils/embeddings/CP_careers/data/Medical Writer.pt
Paramedic,./utils/embeddings/CP_careers/data/Paramedic.pt
Emergency Medical Technician (EMT),./utils/embeddings/CP_careers/data/Emergency Medical Technician (EMT).pt
Clinical Psychologist,./utils/embeddings/CP_careers/data/Clinical Psychologist.pt
Paediatrician,./utils/embeddings/CP_careers/data/Paediatrician.pt
Dietician,./utils/embeddings/CP_careers/data/Dietician.pt
Auxiliary Nurse Midwifery (ANM),./utils/embeddings/CP_careers/data/Auxiliary Nurse Midwifery (ANM).pt
Physiotherapist,./utils/embeddings/CP_careers/data/Physiotherapist.pt
Surgeon,./utils/embeddings/CP_careers/data/Surgeon.pt
Nurse,./utils/embeddings/CP_careers/data/Nurse.pt
Pulmonologists,./utils/embeddings/CP_careers/data/Pulmonologists.pt
Chocolatier,./utils/embeddings/CP_careers/data/Chocolatier.pt
Coffee Tasters/Sommelier/Baristas/Q Graders,./utils/embeddings/CP_careers/data/Coffee Tasters/Sommelier/Baristas/Q Graders.pt
Cake artist,./utils/embeddings/CP_careers/data/Cake artist.pt
Travel Consultant,./utils/embeddings/CP_careers/data/Travel Consultant.pt
Bartender/Mixologist,./utils/embeddings/CP_careers/data/Bartender/Mixologist.pt
Sommelier,./utils/embeddings/CP_careers/data/Sommelier.pt
Tour Operator,./utils/embeddings/CP_careers/data/Tour Operator.pt
Air Hostess/Purser,./utils/embeddings/CP_careers/data/Air Hostess/Purser.pt
Chef,./utils/embeddings/CP_careers/data/Chef.pt
Food & Beverage Manager,./utils/embeddings/CP_careers/data/Food & Beverage Manager.pt
Tour Guide,./utils/embeddings/CP_careers/data/Tour Guide.pt
Development Operations Engineer,./utils/embeddings/CP_careers/data/Development Operations Engineer.pt
Data Scientist,./utils/embeddings/CP_careers/data/Data Scientist.pt
Full stack developer,./utils/embeddings/CP_careers/data/Full stack developer.pt
Software application packager,./utils/embeddings/CP_careers/data/Software application packager.pt
Database administrator,./utils/embeddings/CP_careers/data/Database administrator.pt
Systems Analyst,./utils/embeddings/CP_careers/data/Systems Analyst.pt
User experience designer,./utils/embeddings/CP_careers/data/User experience designer.pt
Network Administrator,./utils/embeddings/CP_careers/data/Network Administrator.pt
Programmer/coder/software engineer,./utils/embeddings/CP_careers/data/Programmer/coder/software engineer.pt
Web Analyst,./utils/embeddings/CP_careers/data/Web Analyst.pt
SEO Manager,./utils/embeddings/CP_careers/data/SEO Manager.pt
Computer network architect,./utils/embeddings/CP_careers/data/Computer network architect.pt
Cloud engineer,./utils/embeddings/CP_careers/data/Cloud engineer.pt
Computer Scientist,./utils/embeddings/CP_careers/data/Computer Scientist.pt
Internet of Things (IoT) Solutions Architect,./utils/embeddings/CP_careers/data/Internet of Things (IoT) Solutions Architect.pt
Help desk analyst,./utils/embeddings/CP_careers/data/Help desk analyst.pt
Computer hardware engineer,./utils/embeddings/CP_careers/data/Computer hardware engineer.pt
Blockchain Developer,./utils/embeddings/CP_careers/data/Blockchain Developer.pt
Quality Assurance Engineer,./utils/embeddings/CP_careers/data/Quality Assurance Engineer.pt
Accent Trainer,./utils/embeddings/CP_careers/data/Accent Trainer.pt
Interpreter,./utils/embeddings/CP_careers/data/Interpreter.pt
Dubbing Artist or Voice Actor,./utils/embeddings/CP_careers/data/Dubbing Artist or Voice Actor.pt
English Literature Scholar,./utils/embeddings/CP_careers/data/English Literature Scholar.pt
Linguist,./utils/embeddings/CP_careers/data/Linguist.pt
Translator,./utils/embeddings/CP_careers/data/Translator.pt
Lexicographer,./utils/embeddings/CP_careers/data/Lexicographer.pt
Foreign Language Teacher,./utils/embeddings/CP_careers/data/Foreign Language Teacher.pt
Arbitrator,./utils/embeddings/CP_careers/data/Arbitrator.pt
Medico Legal Advisor,./utils/embeddings/CP_careers/data/Medico Legal Advisor.pt
Human Rights Lawyer,./utils/embeddings/CP_careers/data/Human Rights Lawyer.pt
Patent Lawyer,./utils/embeddings/CP_careers/data/Patent Lawyer.pt
Lawyer/Law Officer/Advocate,./utils/embeddings/CP_careers/data/Lawyer/Law Officer/Advocate.pt
Public Policy Advisor,./utils/embeddings/CP_careers/data/Public Policy Advisor.pt
Corporate Legal Advisor/Compliance Officer,./utils/embeddings/CP_careers/data/Corporate Legal Advisor/Compliance Officer.pt
Judge,./utils/embeddings/CP_careers/data/Judge.pt
Port Operations Manager,./utils/embeddings/CP_careers/data/Port Operations Manager.pt
Distribution Manager,./utils/embeddings/CP_careers/data/Distribution Manager.pt
Purchasing and Materials Manager,./utils/embeddings/CP_careers/data/Purchasing and Materials Manager.pt
Inventory Manager,./utils/embeddings/CP_careers/data/Inventory Manager.pt
Logistics Analyst,./utils/embeddings/CP_careers/data/Logistics Analyst.pt
Transportation Manager,./utils/embeddings/CP_careers/data/Transportation Manager.pt
Logistics Manager,./utils/embeddings/CP_careers/data/Logistics Manager.pt
Supply chain manager,./utils/embeddings/CP_careers/data/Supply chain manager.pt
Operations Manager,./utils/embeddings/CP_careers/data/Operations Manager.pt
Healthcare Manager,./utils/embeddings/CP_careers/data/Healthcare Manager.pt
Retail Manager,./utils/embeddings/CP_careers/data/Retail Manager.pt
International Business Manager,./utils/embeddings/CP_careers/data/International Business Manager.pt
Public Relations Manager,./utils/embeddings/CP_careers/data/Public Relations Manager.pt
Human Resource Manager,./utils/embeddings/CP_careers/data/Human Resource Manager.pt
Sales and Marketing Manager,./utils/embeddings/CP_careers/data/Sales and Marketing Manager.pt
Finance Manager,./utils/embeddings/CP_careers/data/Finance Manager.pt
Proofreader,./utils/embeddings/CP_careers/data/Proofreader.pt
Animator,./utils/embeddings/CP_careers/data/Animator.pt
Scriptwriter,./utils/embeddings/CP_careers/data/Scriptwriter.pt
Creative Writer,./utils/embeddings/CP_careers/data/Creative Writer.pt
Copywriter,./utils/embeddings/CP_careers/data/Copywriter.pt
Blogger,./utils/embeddings/CP_careers/data/Blogger.pt
Technical Writer,./utils/embeddings/CP_careers/data/Technical Writer.pt
Sound Recordist,./utils/embeddings/CP_careers/data/Sound Recordist.pt
Talent Manager,./utils/embeddings/CP_careers/data/Talent Manager.pt
Journalist,./utils/embeddings/CP_careers/data/Journalist.pt
Content Writer,./utils/embeddings/CP_careers/data/Content Writer.pt
Social Media Manager,./utils/embeddings/CP_careers/data/Social Media Manager.pt
Screenwriter,./utils/embeddings/CP_careers/data/Screenwriter.pt
Radio Jockey,./utils/embeddings/CP_careers/data/Radio Jockey.pt
Publisher,./utils/embeddings/CP_careers/data/Publisher.pt
Production Manager,./utils/embeddings/CP_careers/data/Production Manager.pt
Publicist,./utils/embeddings/CP_careers/data/Publicist.pt
Cameraperson,./utils/embeddings/CP_careers/data/Cameraperson.pt
Public Relations Officer (PRO),./utils/embeddings/CP_careers/data/Public Relations Officer (PRO).pt
Producer,./utils/embeddings/CP_careers/data/Producer.pt
Online Advertising Manager,./utils/embeddings/CP_careers/data/Online Advertising Manager.pt
Media Planner,./utils/embeddings/CP_careers/data/Media Planner.pt
Literary Agent,./utils/embeddings/CP_careers/data/Literary Agent.pt
Illustrator,./utils/embeddings/CP_careers/data/Illustrator.pt
Event Manager,./utils/embeddings/CP_careers/data/Event Manager.pt
Editor,./utils/embeddings/CP_careers/data/Editor.pt
Digital Marketing Expert,./utils/embeddings/CP_careers/data/Digital Marketing Expert.pt
Director,./utils/embeddings/CP_careers/data/Director.pt
Editorial Assistant,./utils/embeddings/CP_careers/data/Editorial Assistant.pt
Copy Editor,./utils/embeddings/CP_careers/data/Copy Editor.pt
Commissioning Editor,./utils/embeddings/CP_careers/data/Commissioning Editor.pt
Cinematographer,./utils/embeddings/CP_careers/data/Cinematographer.pt
Cartoonist,./utils/embeddings/CP_careers/data/Cartoonist.pt
Anchor,./utils/embeddings/CP_careers/data/Anchor.pt
Brand Manager,./utils/embeddings/CP_careers/data/Brand Manager.pt
Art Director,./utils/embeddings/CP_careers/data/Art Director.pt
Photojournalist,./utils/embeddings/CP_careers/data/Photojournalist.pt
Toxicologist,./utils/embeddings/CP_careers/data/Toxicologist.pt
Immunologist,./utils/embeddings/CP_careers/data/Immunologist.pt
Space Scientist,./utils/embeddings/CP_careers/data/Space Scientist.pt
Seismologist,./utils/embeddings/CP_careers/data/Seismologist.pt
Ecologist,./utils/embeddings/CP_careers/data/Ecologist.pt
Cytologist/Cytotechnologist,./utils/embeddings/CP_careers/data/Cytologist/Cytotechnologist.pt
Botanist,./utils/embeddings/CP_careers/data/Botanist.pt
Horticulturist,./utils/embeddings/CP_careers/data/Horticulturist.pt
Forensic Scientist,./utils/embeddings/CP_careers/data/Forensic Scientist.pt
Virologist,./utils/embeddings/CP_careers/data/Virologist.pt
Bacteriologist,./utils/embeddings/CP_careers/data/Bacteriologist.pt
Animal Health Worker,./utils/embeddings/CP_careers/data/Animal Health Worker.pt
Geologist,./utils/embeddings/CP_careers/data/Geologist.pt
Paleontologist,./utils/embeddings/CP_careers/data/Paleontologist.pt
Zoologist,./utils/embeddings/CP_careers/data/Zoologist.pt
"Health, Safety and Environment Officer","./utils/embeddings/CP_careers/data/Health, Safety and Environment Officer.pt"
Scientific Assistant (IMD),./utils/embeddings/CP_careers/data/Scientific Assistant (IMD).pt
Soil Scientist,./utils/embeddings/CP_careers/data/Soil Scientist.pt
Astrophysicist,./utils/embeddings/CP_careers/data/Astrophysicist.pt
Physicist,./utils/embeddings/CP_careers/data/Physicist.pt
Mathematician,./utils/embeddings/CP_careers/data/Mathematician.pt
Agronomist,./utils/embeddings/CP_careers/data/Agronomist.pt
Statistician,./utils/embeddings/CP_careers/data/Statistician.pt
Seed Technologist,./utils/embeddings/CP_careers/data/Seed Technologist.pt
Archivist,./utils/embeddings/CP_careers/data/Archivist.pt
Art Historian,./utils/embeddings/CP_careers/data/Art Historian.pt
Cartographer,./utils/embeddings/CP_careers/data/Cartographer.pt
International Relations Specialist,./utils/embeddings/CP_careers/data/International Relations Specialist.pt
Rural Development Specialist/Manager,./utils/embeddings/CP_careers/data/Rural Development Specialist/Manager.pt
Career Counsellor,./utils/embeddings/CP_careers/data/Career Counsellor.pt
Social Worker,./utils/embeddings/CP_careers/data/Social Worker.pt
Demographer,./utils/embeddings/CP_careers/data/Demographer.pt
Epigraphist,./utils/embeddings/CP_careers/data/Epigraphist.pt
Curator,./utils/embeddings/CP_careers/data/Curator.pt
Archaeologist,./utils/embeddings/CP_careers/data/Archaeologist.pt
Child Development Specialist,./utils/embeddings/CP_careers/data/Child Development Specialist.pt
Psephologist,./utils/embeddings/CP_careers/data/Psephologist.pt
Geographer,./utils/embeddings/CP_careers/data/Geographer.pt
Sociologist,./utils/embeddings/CP_careers/data/Sociologist.pt
Anthropologist,./utils/embeddings/CP_careers/data/Anthropologist.pt
Museologist,./utils/embeddings/CP_careers/data/Museologist.pt
Criminologist,./utils/embeddings/CP_careers/data/Criminologist.pt
Historian,./utils/embeddings/CP_careers/data/Historian.pt
Political Scientist,./utils/embeddings/CP_careers/data/Political Scientist.pt
Librarian,./utils/embeddings/CP_careers/data/Librarian.pt
Economist,./utils/embeddings/CP_careers/data/Economist.pt
Physical or Fitness Trainer,./utils/embeddings/CP_careers/data/Physical or Fitness Trainer.pt
Referee (Football),./utils/embeddings/CP_careers/data/Referee (Football).pt
Umpire (Cricket),./utils/embeddings/CP_careers/data/Umpire (Cricket).pt
Sports Equipment Manager,./utils/embeddings/CP_careers/data/Sports Equipment Manager.pt
Sports Psychologist,./utils/embeddings/CP_careers/data/Sports Psychologist.pt
Coach,./utils/embeddings/CP_careers/data/Coach.pt
Yoga Instructor,./utils/embeddings/CP_careers/data/Yoga Instructor.pt
Sports Medicine Specialist,./utils/embeddings/CP_careers/data/Sports Medicine Specialist.pt
Sports Scout,./utils/embeddings/CP_careers/data/Sports Scout.pt
Sports Analyst,./utils/embeddings/CP_careers/data/Sports Analyst.pt
Sports Lawyer,./utils/embeddings/CP_careers/data/Sports Lawyer.pt
Sportsperson,./utils/embeddings/CP_careers/data/Sportsperson.pt
Sports Agent/Manager,./utils/embeddings/CP_careers/data/Sports Agent/Manager.pt
Athlete Development Specialist,./utils/embeddings/CP_careers/data/Athlete Development Specialist.pt
Loom Supervisor – Knotted Carpet,./utils/embeddings/CP_careers/data/Loom Supervisor – Knotted Carpet.pt
Master Hand Embroiderer (Hand Crafted Textiles),./utils/embeddings/CP_careers/data/Master Hand Embroiderer (Hand Crafted Textiles).pt
Applique Artisan,./utils/embeddings/CP_careers/data/Applique Artisan.pt
Bamboo Utility Product Tailor,./utils/embeddings/CP_careers/data/Bamboo Utility Product Tailor.pt
Bamboo Mat Weaver,./utils/embeddings/CP_careers/data/Bamboo Mat Weaver.pt
Crochet Lace Maker- Furnishings,./utils/embeddings/CP_careers/data/Crochet Lace Maker- Furnishings.pt
Jute Handloom Weaver,./utils/embeddings/CP_careers/data/Jute Handloom Weaver.pt
Mechanical Fitter,./utils/embeddings/CP_careers/data/Mechanical Fitter.pt
Stringing/Beading Artisan (Fashion Jewellery),./utils/embeddings/CP_careers/data/Stringing/Beading Artisan (Fashion Jewellery).pt
Stone Cutter (Cutting machine operator) – Stone craft,./utils/embeddings/CP_careers/data/Stone Cutter (Cutting machine operator) – Stone craft.pt
DTH Set Top Box Installation & Service Technician (Cable TV Operator ),./utils/embeddings/CP_careers/data/DTH Set Top Box Installation & Service Technician (Cable TV Operator ).pt
Multi Skill Technician (Electrical),./utils/embeddings/CP_careers/data/Multi Skill Technician (Electrical).pt
Field Technician-Other Home Appliances,./utils/embeddings/CP_careers/data/Field Technician-Other Home Appliances.pt
CCTV Installation Technician,./utils/embeddings/CP_careers/data/CCTV Installation Technician.pt
Solar & LED Technician,./utils/embeddings/CP_careers/data/Solar & LED Technician.pt
CNC Operator – Turning,./utils/embeddings/CP_careers/data/CNC Operator – Turning.pt
Fitter – Electrical and Electronic Assembly,./utils/embeddings/CP_careers/data/Fitter – Electrical and Electronic Assembly.pt
Fitter – Mechanical Assembly,./utils/embeddings/CP_careers/data/Fitter – Mechanical Assembly.pt
Fitter- Fabrication,./utils/embeddings/CP_careers/data/Fitter- Fabrication.pt
SmartPhone Repair Technician,./utils/embeddings/CP_careers/data/SmartPhone Repair Technician.pt
Showroom Hostess / Host,./utils/embeddings/CP_careers/data/Showroom Hostess / Host.pt
Automotive Electrician,./utils/embeddings/CP_careers/data/Automotive Electrician.pt
Auto Service Technician Level 3,./utils/embeddings/CP_careers/data/Auto Service Technician Level 3.pt
Operator – Boring Machine,./utils/embeddings/CP_careers/data/Operator – Boring Machine.pt
Life Insurance Agent,./utils/embeddings/CP_careers/data/Life Insurance Agent.pt
Home Cook,./utils/embeddings/CP_careers/data/Home Cook.pt
Light Vehicle Driver (LMV),./utils/embeddings/CP_careers/data/Light Vehicle Driver (LMV).pt
Auto/E-Rickshaw Driver and Technician,./utils/embeddings/CP_careers/data/Auto/E-Rickshaw Driver and Technician.pt
Child Caretaker (Non-Clinical),./utils/embeddings/CP_careers/data/Child Caretaker (Non-Clinical).pt
Elderly Caretaker (Non clinical),./utils/embeddings/CP_careers/data/Elderly Caretaker (Non clinical).pt
Caregiving – Persons with Disabilities (Non Clinical),./utils/embeddings/CP_careers/data/Caregiving – Persons with Disabilities (Non Clinical).pt
Spa therapist,./utils/embeddings/CP_careers/data/Spa therapist.pt
Assistant Hair Stylist,./utils/embeddings/CP_careers/data/Assistant Hair Stylist.pt
Assistant Beauty Therapist,./utils/embeddings/CP_careers/data/Assistant Beauty Therapist.pt
Microfinance Executive,./utils/embeddings/CP_careers/data/Microfinance Executive.pt
General Housekeeper,./utils/embeddings/CP_careers/data/General Housekeeper.pt
Sewing Machine Operator,./utils/embeddings/CP_careers/data/Sewing Machine Operator.pt
Plumber,./utils/embeddings/CP_careers/data/Plumber.pt
"Asst. Fitter: Levelling, Alignment & Balancing","./utils/embeddings/CP_careers/data/Asst. Fitter: Levelling, Alignment & Balancing.pt"
Electrician- General,./utils/embeddings/CP_careers/data/Electrician- General.pt
Fitter – Processing,./utils/embeddings/CP_careers/data/Fitter – Processing.pt
Electric Vehicle Assembly Technician,./utils/embeddings/CP_careers/data/Electric Vehicle Assembly Technician.pt
Phlebotomist,./utils/embeddings/CP_careers/data/Phlebotomist.pt
Dialysis Technician,./utils/embeddings/CP_careers/data/Dialysis Technician.pt
Fish and Sea food Processor,./utils/embeddings/CP_careers/data/Fish and Sea food Processor.pt
Florist,./utils/embeddings/CP_careers/data/Florist.pt
Hydroponics Technician,./utils/embeddings/CP_careers/data/Hydroponics Technician.pt
Dairy Farmer/Entrepreneur,./utils/embeddings/CP_careers/data/Dairy Farmer/Entrepreneur.pt
Shrimp Farmer,./utils/embeddings/CP_careers/data/Shrimp Farmer.pt
Aquaculture Worker,./utils/embeddings/CP_careers/data/Aquaculture Worker.pt
Cold Chain Process Management Specialist,./utils/embeddings/CP_careers/data/Cold Chain Process Management Specialist.pt
Wood Polisher,./utils/embeddings/CP_careers/data/Wood Polisher.pt
Airline Cargo Assistant,./utils/embeddings/CP_careers/data/Airline Cargo Assistant.pt
Airline Customer Service Executive,./utils/embeddings/CP_careers/data/Airline Customer Service Executive.pt
Vineyard Grower,./utils/embeddings/CP_careers/data/Vineyard Grower.pt
Farmer: Backyard/Small Poultry FarmerGoat farmer Piggery MaricultureSericulture Bee keeping,./utils/embeddings/CP_careers/data/Farmer: Backyard/Small Poultry FarmerGoat farmer Piggery MaricultureSericulture Bee keeping.pt
Refrigeration Technician,./utils/embeddings/CP_careers/data/Refrigeration Technician.pt
Tattoo artist,./utils/embeddings/CP_careers/data/Tattoo artist.pt
Conveyor Operation & Maintenance technician,./utils/embeddings/CP_careers/data/Conveyor Operation & Maintenance technician.pt
Hindi typist,./utils/embeddings/CP_careers/data/Hindi typist.pt
Fire fighter,./utils/embeddings/CP_careers/data/Fire fighter.pt
Vegetable Grower Electives: Leafy Vegetables / Salad Vegetables / Root Vegetables /Cucurbit Crops / Solanaceous Crops / Pod Vegetables / Bulb Vegetables /Perennial Vegetables / Tuber Vegetables / Okra,./utils/embeddings/CP_careers/data/Vegetable Grower Electives: Leafy Vegetables / Salad Vegetables / Root Vegetables /Cucurbit Crops / Solanaceous Crops / Pod Vegetables / Bulb Vegetables /Perennial Vegetables / Tuber Vegetables / Okra.pt
Community journalist,./utils/embeddings/CP_careers/data/Community journalist.pt
Trainer,./utils/embeddings/CP_careers/data/Trainer.pt
Data Collector or Field Survey Enumerator,./utils/embeddings/CP_careers/data/Data Collector or Field Survey Enumerator.pt
"Lifeguard (Pool Guard, Beach Lifeguard, Lifesaver)","./utils/embeddings/CP_careers/data/Lifeguard (Pool Guard, Beach Lifeguard, Lifesaver).pt"
Package Dyeing Machine Operator,./utils/embeddings/CP_careers/data/Package Dyeing Machine Operator.pt
Unarmed Security Guard,./utils/embeddings/CP_careers/data/Unarmed Security Guard.pt
Waste collectors,./utils/embeddings/CP_careers/data/Waste collectors.pt
Social Media Executive,./utils/embeddings/CP_careers/data/Social Media Executive.pt
Technician- Dental/Radiation therapy/Anaesthesia/Dialysis/Operation theater/Blood bank/Vision/Panchkarma,./utils/embeddings/CP_careers/data/Technician- Dental/Radiation therapy/Anaesthesia/Dialysis/Operation theater/Blood bank/Vision/Panchkarma.pt
Dento Oral Hygienist,./utils/embeddings/CP_careers/data/Dento Oral Hygienist.pt
General Duty Assistant-Advanced Options: Maternal & Newborn Care/ Critical Care/ Dialysis/ Parturition,./utils/embeddings/CP_careers/data/General Duty Assistant-Advanced Options: Maternal & Newborn Care/ Critical Care/ Dialysis/ Parturition.pt
Bulldozer Operator,./utils/embeddings/CP_careers/data/Bulldozer Operator.pt
Multi Skill Technician (Food Processing),./utils/embeddings/CP_careers/data/Multi Skill Technician (Food Processing).pt
Assistant Carpenter – Wooden Furniture,./utils/embeddings/CP_careers/data/Assistant Carpenter – Wooden Furniture.pt
Installer – Frameless Glass Doors/Windows,./utils/embeddings/CP_careers/data/Installer – Frameless Glass Doors/Windows.pt
Store Keeper – Construction,./utils/embeddings/CP_careers/data/Store Keeper – Construction.pt
Airline Ground Support Equipment Operator,./utils/embeddings/CP_careers/data/Airline Ground Support Equipment Operator.pt
Industrial Production Worker – Food Processing,./utils/embeddings/CP_careers/data/Industrial Production Worker – Food Processing.pt
Assistant Surveyor,./utils/embeddings/CP_careers/data/Assistant Surveyor.pt
Assistant False Ceiling & Drywall Installer,./utils/embeddings/CP_careers/data/Assistant False Ceiling & Drywall Installer.pt
Doors & Windows Fixer,./utils/embeddings/CP_careers/data/Doors & Windows Fixer.pt
Helper – Fabrication,./utils/embeddings/CP_careers/data/Helper – Fabrication.pt
Draughtsman,./utils/embeddings/CP_careers/data/Draughtsman.pt
Mason (Stone),./utils/embeddings/CP_careers/data/Mason (Stone).pt
Helper – Shuttering Carpenter,./utils/embeddings/CP_careers/data/Helper – Shuttering Carpenter.pt
Construction – Painter and Decorator,./utils/embeddings/CP_careers/data/Construction – Painter and Decorator.pt
Mason (Tiling),./utils/embeddings/CP_careers/data/Mason (Tiling).pt
Mason (General),./utils/embeddings/CP_careers/data/Mason (General).pt
Helper Bar Bender and Steel Fixer,./utils/embeddings/CP_careers/data/Helper Bar Bender and Steel Fixer.pt
Kitchen Steward,./utils/embeddings/CP_careers/data/Kitchen Steward.pt
Assistant Catering Manager,./utils/embeddings/CP_careers/data/Assistant Catering Manager.pt
Camp Helper,./utils/embeddings/CP_careers/data/Camp Helper.pt
Nature Guide,./utils/embeddings/CP_careers/data/Nature Guide.pt
Housekeeping Attendant (Manual Cleaning),./utils/embeddings/CP_careers/data/Housekeeping Attendant (Manual Cleaning).pt
Trainee Chef/Assistant cook,./utils/embeddings/CP_careers/data/Trainee Chef/Assistant cook.pt
Pastry Chef,./utils/embeddings/CP_careers/data/Pastry Chef.pt
Home Delivery Boy,./utils/embeddings/CP_careers/data/Home Delivery Boy.pt
Room Attendant,./utils/embeddings/CP_careers/data/Room Attendant.pt
Distributor Sales Representative,./utils/embeddings/CP_careers/data/Distributor Sales Representative.pt
E- Waste Collector,./utils/embeddings/CP_careers/data/E- Waste Collector.pt
Tower Technician,./utils/embeddings/CP_careers/data/Tower Technician.pt
Food & Beverage Service – Steward,./utils/embeddings/CP_careers/data/Food & Beverage Service – Steward.pt
Front Office Associate,./utils/embeddings/CP_careers/data/Front Office Associate.pt
Self-employed e-tailer,./utils/embeddings/CP_careers/data/Self-employed e-tailer.pt
Service Fulfilment Executive,./utils/embeddings/CP_careers/data/Service Fulfilment Executive.pt
CAD Designer for Carpets,./utils/embeddings/CP_careers/data/CAD Designer for Carpets.pt
Retail Store Operations Assistant,./utils/embeddings/CP_careers/data/Retail Store Operations Assistant.pt
Retail Cashier,./utils/embeddings/CP_careers/data/Retail Cashier.pt
